Odorscenes,activ 0,activ 1,activ 2,activ 3,activ 4,activ 5,activ 6,activ 7,activ 8,activ 9,activ 10,activ 11,activ 12,activ 13,activ 14,activ 15,activ 16,activ 17,activ 18,activ 19,activ 20,activ 21,activ 22,activ 23,activ 24,activ 25,activ 26,activ 27,activ 28,activ 29,occ 0,occ 1,occ 2,occ 3,occ 4,occ 5,occ 6,occ 7,occ 8,occ 9,occ 10,occ 11,occ 12,occ 13,occ 14,occ 15,occ 16,occ 17,occ 18,occ 19,occ 20,occ 21,occ 22,occ 23,occ 24,occ 25,occ 26,occ 27,occ 28,occ 29,odoAmt 0,odoAmt 1,odoAmt 2,odoAmt 3,odoAmt 4,odoAmt 5,odoAmt 6,odoAmt 7,odoAmt 8,odoAmt 9,odoAmt 10,odoAmt 11,odoAmt 12,odoAmt 13,odoAmt 14,odoAmt 15,odoAmt 16,odoAmt 17,odoAmt 18,odoAmt 19,odoAmt 20,odoAmt 21,odoAmt 22,odoAmt 23,odoAmt 24,odoAmt 25,odoAmt 26,odoAmt 27,odoAmt 28,odoAmt 29
Odorscene1,8.573953956145872e-06,2.8184385309872994e-07,7.992442822503788e-19,0.04335230089282181,2.6729565024834217e-10,0.0004328100336480515,0.12123961697520289,8.330904775796334e-17,1.4560929570381885e-13,1.0455232333668564e-13,5.3086845010033686e-05,8.096131399614776e-21,2.2905727537749846e-17,4.395971491664405e-18,1.3821997112388692e-10,8.447845463364883e-06,0.0008581384424243235,1.0865607705964447e-13,2.3429062970251405e-22,6.797225639357865e-17,2.259411626684641e-13,0.08984912169405851,8.960961530134147e-18,4.086792031445253e-22,1.6508106536186808e-12,5.756217504314999e-08,1.334941431571716e-08,1.648181583164337e-14,4.644489661736085e-12,0.0099002519429805,0.0001586689619586019,5.667870002260553e-05,1.0193157029673996e-10,0.12437889257576594,1.4038707238201062e-06,0.002241523126287739,0.159318838052457,1.0586371091673269e-10,1.0590210386199492e-08,8.943613407408764e-09,0.001569810799650089,1.0499012366021296e-10,1.0824770465741543e-10,1.2667300835061427e-10,2.6438196607380037e-08,4.315559919403448e-05,0.003333269045605503,1.1419911228233433e-07,1.0060192163857135e-10,1.8315581891465786e-09,1.2547403024788375e-07,0.1916143811137985,3.509858335015946e-10,1.114173109417513e-10,1.4275037976212443e-09,5.629976309726665e-07,9.301621563476819e-07,2.970169900532206e-10,5.8141856833375745e-08,0.030296562001835965,1.0,0.0,0.0,1.0,0.0,0.0,1.0,1.0,0.0,1.0,0.0,0.0,1.0,0.0,1.0,0.0,0.0,1.0,0.0,0.0,0.0,0.0,0.0,0.0,0.0,0.0,1.0,1.0,1.0,0.0
Odorscene2,8.386560126404493e-08,1.0466786241660648e-13,0.007214468750947809,8.829430012680942e-17,1.523609075836569e-07,2.535572292332628e-13,5.296178207699579e-17,1.6130751900881841e-09,1.5216438717830273e-06,2.659281792787164e-14,1.1197219394918406e-05,5.287483915865778e-16,0.3945129808227903,1.5522722002137475e-12,7.078235972319594e-17,3.915791069526397e-09,1.7392269743552457e-07,5.891967435278022e-12,0.00028748062993497924,4.51229572960934e-16,0.4770999180954394,1.427984282014254e-14,4.633235565085566e-10,0.3943873136758553,0.0008288590113766258,4.0782997275489624e-13,0.008566162751704598,4.6175813968710115e-10,0.08320567172251994,0.0015000208491483078,7.963845920115273e-07,3.930283897001465e-10,0.016863399312589667,8.748252614087463e-09,1.2203257271072757e-06,2.3116915096681213e-09,5.734598480580724e-10,6.685728774203487e-06,0.00022597027546049657,4.897312302743544e-10,7.468507075463976e-05,2.354334559779724e-10,0.45559597420818243,8.838819574721448e-09,2.8320602424926904e-10,4.644976146432869e-06,7.1068953672223355e-06,1.3140604992103945e-08,0.0010921650870948283,2.8640652768931717e-10,0.4828326051223451,3.4194469543900666e-10,1.1437867223560161e-07,0.4423996738865152,0.0019071925918017006,9.275988204667703e-10,0.04545308931635329,5.7174059902794035e-08,0.1684618317978348,0.009414034464450523,1.0,1.0,0.0,0.0,0.0,1.0,2.0,1.0,1.0,1.0,1.0,0.0,0.0,0.0,1.0,1.0,1.0,1.0,0.0,1.0,1.0,0.0,1.0,1.0,1.0,1.0,0.0,1.0,1.0,1.0
Odorscene3,1.3383507832522322e-09,9.11145997946576e-15,3.364814465433092e-10,2.4134188358790953e-05,0.0005901422930128411,3.241368087154972e-12,4.748473190234429e-13,0.14668534746854237,8.71687226219961e-08,0.0032441196039336316,4.2371146311534545e-12,1.2727738788458876e-07,1.0037530037375112e-15,8.524260440018429e-10,3.4650307541940616e-12,0.009516576743202351,0.06681649747716231,1.895453797333259e-07,3.596653600748817e-14,3.0973406440124353e-06,1.974653025015238e-08,0.04638637918482788,2.1837670661570542e-17,2.0003227473298612e-08,1.1391225597411817e-09,9.924767220561007e-14,4.033795582760823e-10,1.5732473071797096e-15,1.8880224114061525e-09,1.6481218978353977e-05,3.3479517629940693e-08,6.179948534602159e-09,2.374210707648121e-08,0.00022439788226346103,0.002548631042013655,2.523839249531829e-08,1.1442166049015954e-08,0.24586424602995713,5.9917229319725904e-05,0.025404276125708534,1.2181392515303603e-08,6.965499762879044e-05,5.684112956800153e-10,1.4954360916019774e-07,3.218711314369681e-09,0.03837828495610271,0.08759553793550305,9.036356753520255e-05,4.439439656947585e-09,2.074471319043202e-05,9.609831844028995e-07,0.10169633408810813,3.598855189817236e-10,2.4735976375536593e-07,5.0129550942112585e-06,1.4539846472463968e-09,1.0243414311552081e-06,1.0565351461999565e-09,5.211129309517938e-06,7.791468310570743e-05,3.0,0.0,0.0,2.0,0.0,0.0,3.0,2.0,3.0,1.0,3.0,0.0,2.0,0.0,3.0,0.0,3.0,0.0,0.0,0.0,0.0,1.0,0.0,0.0,3.0,0.0,0.0,3.0,3.0,3.0
Odorscene4,3.6987346488406075e-06,0.00014600832172584197,0.00015547994144401967,2.989329165970189e-05,1.1153162535059709e-10,2.6071779660068194e-09,0.21400679202268097,4.907134671139267e-12,6.982231121494657e-08,0.04198088008598768,0.34121554464502407,5.690974735390601e-16,2.2555605432850704e-06,2.02074841137585e-06,8.027330500265208e-11,0.00018547815372994033,9.493627658244258e-10,0.004934023926724978,1.980961281172732e-05,0.029462712101669297,1.225354605191378e-09,2.8540119617777107e-05,7.203363228804151e-12,2.4924485139833492e-09,0.0010140186934213438,3.4396774225234326e-05,0.00030265415921680247,3.9158058168394475e-13,0.012662890168986307,3.345209730940076e-09,0.00035193636494560966,0.0004182093403764919,0.004026792787556346,0.0001616620399393184,3.2370861652044856e-08,2.0433438377440858e-07,0.26687830765731896,2.1987556915340726e-09,2.984883054805302e-06,0.06044297842278091,0.3893054543559206,5.027271054109642e-10,1.2104249450092587e-05,2.4049125170079105e-05,8.957205587475056e-08,0.0033084321428964313,5.895786543311772e-06,0.02804977479297513,0.000160744000742758,0.06382697452256321,2.233777704593709e-07,0.0013577614618165697,3.417151788381417e-09,3.079861126729871e-06,0.012367556638669147,0.0015892305296595322,0.00176874183001908,3.231106472525442e-08,0.019961529488881115,2.5322655132444187e-07,3.0,1.0,0.0,2.0,1.0,1.0,4.0,2.0,1.0,3.0,1.0,0.0,2.0,1.0,4.0,1.0,2.0,3.0,2.0,1.0,2.0,1.0,2.0,1.0,2.0,1.0,1.0,2.0,3.0,2.0
Odorscene5,6.0485358058894674e-09,0.00015865326858592555,0.4418522754034342,0.05029508827147011,0.003819681908410105,5.529616807108687e-09,3.6632803905532666e-06,0.007585534133790586,2.757544025985213e-06,6.724490861953503e-05,0.03688565955792992,0.05869426544122114,5.068586604618062e-12,0.12440702995847197,0.317053869299717,0.015789332632202075,2.3881986349687808e-11,0.0002893520391540438,4.9761472862517375e-11,3.4634300098489312e-06,0.40345687781170236,0.00013652377402097963,1.9180811150479166e-15,0.014958733223970786,8.795916783201219e-08,0.0005656883787735711,8.778339143356693e-13,0.0026818618753627443,0.0028903345703500147,1.908703057104761e-10,3.2031370644872855e-07,0.0029006837071356762,0.46336786007409686,0.06840581626850684,0.022094799594228727,7.30573631178509e-07,0.00044473407093103705,0.04201061529975832,1.3522871217442542e-05,0.0016897882060316724,0.06539018465270123,0.1516718857712933,2.823137509582078e-08,0.2886057076208456,0.40594329349542535,0.04936894237139419,1.810679763804933e-07,0.0006994803089874001,3.5052759902502616e-08,9.717932290880245e-05,0.4455948017540551,0.003660192560157005,2.0611103792370514e-09,0.06479767344572851,3.1581636981647737e-06,0.00251940421313702,1.271293730533845e-07,0.01311744574354429,0.01698072080925508,2.093719803313994e-06,2.0,1.0,2.0,2.0,2.0,2.0,5.0,2.0,0.0,3.0,0.0,1.0,2.0,2.0,4.0,1.0,0.0,3.0,2.0,4.0,3.0,2.0,2.0,1.0,1.0,1.0,2.0,2.0,2.0,0.0
Odorscene6,0.3319613466694231,0.46368856535450126,1.123865861612125e-08,0.3304742750111024,0.20075594116610984,1.5004610093912848e-10,1.9442861842537354e-05,0.027621812917400117,7.327104865373791e-06,0.0005419187443644402,0.4938205777394434,0.0008747832207341638,7.027871717480817e-09,9.214886850902726e-13,0.2625728557152177,0.0066245835018562465,0.0004985018691265256,1.940127269417851e-06,0.0002951363221307548,3.9475737024947844e-05,0.10037537893801171,4.135130651659865e-06,8.053122669523028e-06,2.7361827433642177e-09,1.1931298717775106e-08,0.09794496393224902,0.0067956552363806115,2.677456896867166e-08,0.00013082636659257757,0.0002478937407148128,0.4129555541389925,0.46997409544020097,1.424583823819788e-05,0.40349619990328384,0.2555944516511944,2.163579871301314e-06,0.00031852030952949435,0.10467115874458541,0.0007337542260801737,0.0084943480783043,0.4948783108307494,0.005579595676846553,2.664431046877859e-07,7.454032334786482e-09,0.29795545960203623,0.019437695625692916,0.0013525088794271026,2.793864471151806e-05,0.0009723731560842369,0.00017513369577993378,0.12558567311690838,0.00022478697728838066,0.0001696018899223168,7.691876256426212e-06,5.446119502352264e-06,0.1207861737682405,0.03124401149634081,3.2404342304942977e-06,0.000519180528532821,0.0010371459490604964,5.0,0.0,1.0,3.0,1.0,0.0,4.0,3.0,2.0,2.0,5.0,1.0,3.0,2.0,6.0,0.0,5.0,2.0,2.0,1.0,0.0,2.0,0.0,0.0,6.0,0.0,1.0,6.0,6.0,5.0
Odorscene7,0.01301845489085382,4.499537719586772e-06,0.1224507106332594,0.00011038866729653133,0.07749075412219625,0.004041385783948981,0.0022521264365694535,0.005906298436172974,0.2470155362888723,7.393139986130272e-06,0.010640806258063816,1.6088341153087638e-05,3.87613133570794e-06,0.0005377117176937675,0.27445684281873284,0.014026015173823467,0.25256264102480597,0.443165974013539,0.029850296367746488,7.466642217960292e-07,0.03916305917228907,9.59316659378891e-07,0.0024827969495566766,2.40731166284132e-13,0.17668598258511856,0.02015208900599734,5.160402685700646e-08,0.0339676779583863,0.015383584092400631,1.3806658815367253e-07,0.026425279183878894,0.0001083826925148631,0.23096813111476777,0.003213749537998845,0.18845474284087538,0.025681415926885963,0.01974953245750286,0.021003147837017823,0.30774389360408344,0.0003764132931076165,0.0172465811284566,0.00046403757361174663,4.599599292814206e-05,0.001700132038134313,0.38281056014400994,0.0784651835573667,0.3211221721242272,0.4915150651959255,0.096656349580199,4.598772703505084e-06,0.06312325218092672,1.8961941975008686e-05,0.004895779813515519,5.889999283388371e-09,0.3674641052158833,0.06208370363622608,1.0609551191512162e-06,0.04796860351569446,0.03518817569951714,1.9387149461679913e-05,5.0,2.0,3.0,3.0,1.0,2.0,10.0,4.0,1.0,7.0,3.0,6.0,3.0,6.0,9.0,0.0,7.0,6.0,7.0,5.0,6.0,6.0,6.0,0.0,7.0,3.0,1.0,8.0,5.0,6.0
Odorscene8,0.06354318825930855,0.46014259175595124,0.03084874206973382,0.0013112763547985181,7.0786976990347105e-06,0.4073361106377078,5.781099379016045e-06,0.052481634263806816,0.19813794986040068,0.3442167282976078,0.003713308734716819,0.4651974720780284,1.668280097091324e-08,0.4057464364690408,0.23449373016889768,0.00012031387010038775,0.0008458987920223521,0.4659252359836825,0.4829277927828281,0.03243152913464724,0.49242661230934953,0.024610818869486815,0.009665193582392779,0.0005993640962998905,0.1551338362596225,0.15631528310978154,9.186195346623995e-07,0.3825362579641781,2.5223697823016753e-05,0.0031321243975535136,0.09920135935131665,0.4779533924262748,0.08167201934232107,0.014468544515672085,0.0006622081012755945,0.5071654699710136,0.0002872183468800721,0.1394995739831209,0.23548875761963148,0.4132288193469633,0.027346435413135764,0.518875591217549,2.2471711601647003e-06,0.44268064184638933,0.3710018318549675,0.0024757060839070253,0.0027203065556061132,0.5027722530790106,0.4872533539199595,0.1038184345717688,0.49836506908018635,0.05948353708066605,0.033869912772714374,0.006635736309296249,0.19019733115894083,0.25478436402782706,7.267817777898663e-05,0.4009263924663822,0.0009740157897618996,0.006869936991222557,7.0,2.0,6.0,5.0,5.0,3.0,14.0,5.0,4.0,9.0,5.0,5.0,4.0,7.0,11.0,2.0,6.0,5.0,7.0,7.0,6.0,7.0,5.0,2.0,6.0,3.0,2.0,9.0,7.0,6.0
Odorscene9,0.00021263707223867075,0.0003229119442791868,0.011501167752411853,0.015187228465487845,0.02255685529214385,0.4615735652522301,0.002345286567397333,0.21803905039432242,0.002364347784700188,0.25651322385851955,0.13872722967389353,0.011826391986125987,0.0009447153022232855,0.00020432105061772,8.761635233766146e-05,0.04622230804892387,0.052638101795153124,0.16092828236908838,0.0002493522539468707,0.05270023352104093,0.335425265706069,0.430862687676345,0.09939835702838888,0.001120112287008795,0.013737147518338573,0.004671522566248304,0.25073929048508664,0.07199473992550771,0.2802866997705013,0.0032668107041035526,0.0006585736123417231,0.0025651337843440834,0.03642094365888223,0.06069691752672996,0.05965645436620108,0.48133040416255063,0.004705813531258368,0.2847724665872103,0.02022052025215194,0.3657230272054555,0.19906547482245737,0.044325504031332966,0.011787882319695839,0.000740044101684407,0.0010165481448338308,0.1204312678977989,0.14186703189903146,0.26315384119299584,0.004492412375474708,0.14382512021394622,0.39652764750360425,0.4709106228341995,0.19490158965236185,0.004852652506908626,0.03923615884333796,0.014057148114026793,0.32780712616792396,0.18478087235909232,0.3703302613337835,0.02758528878665248,10.0,3.0,3.0,8.0,0.0,8.0,19.0,12.0,4.0,13.0,6.0,8.0,9.0,5.0,18.0,6.0,12.0,13.0,7.0,11.0,10.0,6.0,10.0,4.0,14.0,5.0,4.0,16.0,10.0,12.0
Odorscene10,0.0011441931689372788,0.01651667038010277,0.4359753845420776,0.14380406105447058,0.004950205929845577,0.3489778961582602,0.0217274288748462,0.0739471166724769,0.0018273648725516919,0.04382681247144835,1.3588720859134675e-06,0.20096616149914856,0.3162234187230696,0.00045259791825152647,0.029431279520207937,0.22280052329995295,0.0017538248152137415,0.0235519641605024,0.011568750923589015,0.29105440819333317,0.08566055780412787,0.10825439772314345,0.5187116365077602,0.016035556268993525,5.537392656726617e-07,0.1075594061250015,0.004147075431244151,0.0005447881554228671,0.1643508800772448,0.023803287788720363,0.00823810119515117,0.04428382457230033,0.4681912880735025,0.2599239072289535,0.014401781870713259,0.49647857074048385,0.03521827950703139,0.17250234150294422,0.016660775109439054,0.09252345727031593,3.126212034716755e-05,0.32894986606889315,0.36200345564390146,0.005125259640252593,0.05193435339908718,0.32457079815142675,0.01921038206904561,0.10630646580679606,0.025007433997714792,0.375125924971104,0.18631181724162454,0.15016210203017022,0.5957712056265719,0.0516689384899076,0.00012127424235450359,0.18645316929279093,0.01416632897957791,0.008797988862606333,0.27899623428463355,0.0526879788725822,10.0,6.0,11.0,8.0,7.0,10.0,23.0,10.0,3.0,18.0,6.0,10.0,8.0,11.0,22.0,4.0,8.0,13.0,15.0,16.0,15.0,11.0,12.0,4.0,12.0,8.0,6.0,17.0,12.0,9.0
Odorscene11,0.557474122392835,0.09400259336267452,0.0056322971548370855,0.030931784036856112,0.014114865982772963,0.2836518706187178,0.3723514128835324,0.19360590740334602,0.0013746605435951248,0.22496576689307435,0.3294881671471869,0.22642424514483137,0.4617105287248494,0.5404262415725445,0.5705024004723258,0.47328226267528367,0.30693913018366786,0.000514466375488547,0.03265644351787735,0.01046633884744532,5.648073501159111e-05,0.013203871224960497,0.07088147894180022,0.5477236365434917,0.0010794617570311221,0.012767073028739723,0.007709528958191414,0.06405735368348854,0.47609313476886017,0.178193381909799,0.6238631937718028,0.12933695592347702,0.016871859671710836,0.047949626836294015,0.04648198372717417,0.4180041617203524,0.5222564728152369,0.3189813196267642,0.003534080506120357,0.32835273433772216,0.3519645225265584,0.393115312092936,0.4956684424488675,0.5811356516837111,0.668377304993099,0.6231667618193405,0.46375618690227927,0.007991597672403091,0.10472333495668572,0.0487847057750855,0.0007731583694760533,0.04576374863367377,0.18545368627476816,0.6868034371553536,0.008076270143241015,0.0483381732573789,0.04227123765832345,0.1521397588151558,0.4964780091067065,0.27437439282002396,15.0,7.0,6.0,9.0,3.0,13.0,29.0,15.0,3.0,19.0,7.0,12.0,9.0,8.0,25.0,10.0,10.0,18.0,13.0,16.0,19.0,9.0,18.0,9.0,12.0,14.0,9.0,21.0,14.0,10.0
Odorscene12,0.34915665838399107,0.003246550109804155,0.1209344349053442,0.04559736303280902,0.1947340396679292,0.22453487792636537,0.6378141795063077,0.07689943952822133,0.014836236414355932,0.007221447432898161,0.0938890715989608,0.47400616842979243,0.12352724899603398,0.024487257654892045,0.1593401453859634,0.06387445005454227,0.40472706956102467,7.45228219962959e-07,0.0022789340733482323,0.42312474600680866,0.4499065901453019,0.1944557706088418,0.14917352175567866,0.22672284377459562,0.060453394026897964,0.548089114750109,0.0015996427745974336,0.07633377057482323,0.18351878402605287,0.4434158445533816,0.4724215792148992,0.024266537285254033,0.2065545588411837,0.13904571289374104,0.2695602085323392,0.33056862424845107,0.67084788385841,0.16216835672470067,0.07184468609140274,0.022829870836009576,0.2256615847916095,0.5614631185251533,0.20215474342872364,0.07425285238951071,0.27124547342287,0.1552452278623208,0.5388327272746227,3.640606800775536e-05,0.008000132664798836,0.44783991141894497,0.6161107221225783,0.2687944279819887,0.3142785109501251,0.3144703742303197,0.14627301886492722,0.6942974776933304,0.0148873872524979,0.2015421136280753,0.36586244817392916,0.4713871228769672,14.0,9.0,10.0,8.0,6.0,11.0,31.0,13.0,5.0,20.0,10.0,13.0,9.0,14.0,28.0,7.0,16.0,18.0,21.0,18.0,18.0,16.0,18.0,5.0,18.0,11.0,7.0,24.0,14.0,15.0
Odorscene13,0.09885424450255088,0.6272300029547847,0.5480125754541497,0.1594987527987877,0.03974771044838728,0.3538634207679981,0.226622492211567,0.47101475583264285,1.578763705723662e-05,0.06053441561017517,0.2452265864460299,0.4960672091157568,0.0008915910716248761,0.095020706242032,0.3012381612646184,0.6149504708504752,0.01476664090558473,0.025611762269511392,0.4642258510913333,0.2176090732737009,0.24011491872578342,0.07133021885831702,0.45388801935622997,0.23031637380257733,0.36339938091012924,0.0045659208235602836,0.00726477162879284,0.5307980634088513,0.003059700427942705,0.17730328312565294,0.12176105355985174,0.681539528666242,0.5685307304097723,0.16827700111427946,0.04698756355743529,0.41017902102629195,0.2619704155928336,0.559864704706524,0.0002729399040942544,0.1276446505914952,0.33718309923077566,0.5099839764339323,0.00506603091783281,0.13001633112484645,0.39384241682433985,0.6398348285931749,0.02547931307726254,0.03107715661018167,0.5062976287735486,0.234305582592505,0.33994840131392245,0.15102330261430802,0.558444652736543,0.26249386684730464,0.39331219461359557,0.026294520958068408,0.009366031266173684,0.6016371019675572,0.003728207931968366,0.267866349311964,23.0,5.0,5.0,15.0,3.0,15.0,38.0,22.0,5.0,27.0,11.0,17.0,15.0,9.0,39.0,8.0,17.0,25.0,16.0,24.0,25.0,13.0,24.0,7.0,18.0,12.0,16.0,26.0,23.0,18.0
Odorscene14,0.560077991322959,0.059517930695109966,0.22668683785537821,0.2936457938358737,0.00845879079385599,0.5105329355316595,0.0035994682762855025,0.1358224846120703,0.036920752867664504,0.28991511673161646,0.38435020425442007,0.4180133215659122,0.28689534054027593,0.3862473578139428,0.4335058924960171,0.40647825003284005,0.05719266483070181,3.102912955403117e-07,0.0005460710934161782,0.0005967362361175148,0.2988085867277212,0.045410465812664245,0.07112851789571507,0.1077191450571177,0.1533217863530934,0.38927168863612555,0.27700095959251697,0.6356959064780063,0.36664990950890064,0.1844710344277814,0.5770245777974405,0.06786825133461065,0.23768443326156918,0.3016009367309851,0.009668121340645104,0.524411158413623,0.00427966357364136,0.14913773186957596,0.04305084419291773,0.2963672381828086,0.40691902604291,0.43592059194749266,0.31907907169654876,0.4099879590569838,0.4662559028915027,0.4246864168943701,0.06789480323509804,7.078487104269383e-07,0.000755466867739752,0.001006968089826345,0.3205034720979438,0.05253676110994681,0.08042712062620172,0.11897245559170015,0.169207426744381,0.40984570880869536,0.29338250915314745,0.6429676126555439,0.3759859744427532,0.19176953066443742,28.0,8.0,4.0,18.0,7.0,20.0,45.0,26.0,8.0,33.0,13.0,23.0,20.0,11.0,42.0,10.0,22.0,27.0,23.0,28.0,30.0,14.0,28.0,8.0,25.0,17.0,15.0,35.0,28.0,23.0
Odorscene15,0.0043281021402226585,0.30521726526808896,0.09885932250348244,0.2533414132132389,0.006282579799537445,0.05189108061235523,0.4292881709679894,0.3989176636597848,0.12526886039582963,0.07406458921467353,0.03348995733138202,0.2048026616789238,0.023312274354942382,0.6544218618858623,0.05577966942137674,0.008682456190822311,0.5979291043032122,0.18560897841328236,0.00015031111995317497,0.05540407942997765,0.13740265019543213,0.601347239577837,0.05144067943212914,0.0730756393149696,0.46431495589684957,0.5112768244453253,0.2904424924177394,0.05078803967619906,0.10960407803422983,0.05137240278563304,0.005302769156354566,0.3254858590387721,0.11274964936742211,0.2629811630598027,0.007695725172501222,0.05629247318351542,0.44875254711423,0.4163400189944608,0.14311620017420837,0.07910194371913826,0.03803719076798523,0.22014773842734736,0.02663931694802937,0.6558345129529646,0.06352954699032055,0.01024831565134345,0.6060539555207956,0.19959733745642405,0.0002135841830107117,0.061645693497700056,0.14779628869507797,0.610975947321916,0.058860395182237055,0.08622569317419537,0.48731953151156165,0.527735638657281,0.3000240647641589,0.060262433548624456,0.12193150993574195,0.06083366181187144,24.0,14.0,16.0,16.0,14.0,17.0,45.0,22.0,9.0,33.0,12.0,20.0,16.0,18.0,39.0,10.0,20.0,27.0,27.0,31.0,29.0,21.0,29.0,9.0,22.0,18.0,9.0,30.0,23.0,19.0
Odorscene16,0.39612303199043486,0.24973029650857198,0.23601020500519912,0.00017445715826324665,0.26967085164715116,0.47578079060581163,0.3493759857881383,0.04075858397885505,0.09189180088496181,0.2534935545713043,0.302038537541077,0.14413172801202598,0.47780037711136797,0.23411770386128417,0.49399968916189485,0.3942090809656345,0.28152324619650865,0.09243578085657345,0.029567408843810514,0.46571599969729993,0.19738520396286238,0.14457476075327033,0.39571289329995124,0.6011366632236276,0.015650470353680272,0.6615624043184382,0.41496125050938143,0.4000101638218933,0.39391826216382664,0.40515690090228096,0.4064480231636987,0.3389674085997597,0.2582517678827043,0.0002608333899972597,0.2809177887368585,0.47828681075309487,0.36718737072938284,0.04588283421380661,0.10564902764686279,0.274622512213638,0.3256142449148206,0.1588070278936724,0.5494781467562664,0.24813616375319636,0.5465616648825575,0.40026233158900104,0.297084518891885,0.10339794335985868,0.034954466915609016,0.6270714624443628,0.22096882124149095,0.18943731903459002,0.4009783538899521,0.6218814359039004,0.018376082787289194,0.6708389353678399,0.42812902282630483,0.4233116176950552,0.4158067066026454,0.4252672933081351,34.0,13.0,10.0,21.0,4.0,24.0,56.0,30.0,14.0,39.0,21.0,21.0,19.0,16.0,55.0,13.0,33.0,32.0,26.0,28.0,30.0,19.0,28.0,12.0,36.0,22.0,14.0,48.0,36.0,32.0
Odorscene17,0.0290384162431391,0.0009228249084031956,0.02853794862158256,0.0038256326478985298,0.19670714766462963,0.026060021308870873,0.011410858072257604,0.2490573591722352,0.14692100916449677,0.12907756038390372,0.020001037205460755,0.022300958669642493,0.30379494688424097,0.446959381126161,0.041808029421365724,0.3003989301270207,0.21598412243479034,0.013721035716186006,0.15542262355348357,0.05954491579606061,0.27702833199127797,0.06362434501328733,0.0645307131610318,0.4293908111046321,0.26968708364914956,0.021580659437734205,0.1960544704966909,0.0011106886578954422,0.18055728308706928,0.002451069697071208,0.21195679085098293,0.06512408010967208,0.1779855192449545,0.020935804547029962,0.41122080878764916,0.17294621574152957,0.048781113299359906,0.5861290132064525,0.4101140835214874,0.4035923429713667,0.17104484784636254,0.19584719167967823,0.46073767283601613,0.5905872344216619,0.328787472224945,0.41459400340025226,0.37226595368259424,0.07233253692252685,0.4691755899634074,0.227600473898598,0.4931991689609935,0.1305254971878179,0.3168966438292132,0.5257595708278666,0.4209925936290639,0.3138578478304451,0.39543067832834033,0.01484827640013579,0.3976477101238965,0.046562237068501024,36.0,18.0,19.0,26.0,14.0,23.0,68.0,32.0,14.0,46.0,17.0,28.0,24.0,26.0,60.0,8.0,28.0,36.0,35.0,39.0,40.0,29.0,38.0,8.0,35.0,20.0,17.0,51.0,37.0,29.0
Odorscene18,0.0005236644017799723,0.06503397018715494,0.18296234450613122,0.4047089666410432,0.014218204160388156,0.18891036250230894,0.027142576504136522,0.005405198764668323,0.025706060049591733,0.0003104600105246501,0.43704628601944456,0.23040177889842572,0.024600835882701413,0.08497557178936517,0.005125969677187581,0.6108309183840115,0.13240783333151723,0.3059330354647307,0.31920497338281995,0.023261476841485176,0.12041431054381309,0.3954701280867687,0.489637960753734,0.2118190234838285,0.01060349204800586,0.2915002643061154,0.5864925623219155,0.25783672120483,0.09159805254059315,0.39082831690905295,0.02171519446305943,0.17309368237404546,0.41342289377295977,0.4456973683749343,0.1415378330549837,0.396361179245194,0.14228989463664263,0.14568489702524798,0.11362147486195122,0.030699261024697146,0.5031363866023024,0.40375801903631403,0.20958217780204036,0.3949077791008694,0.10416836217141277,0.6657721985803133,0.36338956302234887,0.5430450017014002,0.5480085970889684,0.15441070338308244,0.2397297338253686,0.4907729801140619,0.5121212314043158,0.31309089233315796,0.1411200662028779,0.5202585301049125,0.7080224156017426,0.4908667374896612,0.3435706216632252,0.6215125225142656,44.0,20.0,15.0,29.0,12.0,32.0,79.0,40.0,17.0,51.0,25.0,25.0,27.0,23.0,70.0,19.0,37.0,42.0,37.0,41.0,41.0,25.0,41.0,19.0,46.0,29.0,19.0,54.0,41.0,35.0
Odorscene19,0.22001322787068178,0.33084849917779297,0.34612156770439734,0.22548122550861055,0.052971465491127134,0.04585167321182262,0.5094508681529111,0.4625595413422703,0.4890080212640063,0.33127612367763515,0.3452837550001138,0.2981835615345513,0.11547176662545607,0.17641609309634926,0.3316318355633457,0.532379492169555,0.08314876250374029,0.19035890268034097,0.1962839638258982,0.5182899422669672,0.3854574233960854,0.16117157047119854,0.18716249516081052,0.36799080572780546,0.23608132305842033,0.29536021580362615,0.18103378114172952,0.28321057382689113,0.1276691810082334,0.3303797893968322,0.3603980544097062,0.41910237405790807,0.4894960995960402,0.5113736412376432,0.20880708020838123,0.27780532259659974,0.7089054189684941,0.6663848918430609,0.5308002292418224,0.5250352794480301,0.4663773544283456,0.5227414318152159,0.3954265824760246,0.40216480079633915,0.5876387054652564,0.7085936816128411,0.32482960002680067,0.414807476604182,0.3720020508141071,0.6318422546335878,0.542773201322612,0.3321084073329795,0.39630217008694507,0.4946188408351867,0.4390533515513334,0.49126589664449505,0.43902371408135443,0.45588825969729035,0.25680377228347256,0.6018194479537252,47.0,17.0,13.0,30.0,11.0,41.0,86.0,47.0,16.0,61.0,26.0,38.0,27.0,24.0,77.0,26.0,36.0,53.0,43.0,51.0,53.0,28.0,51.0,23.0,42.0,36.0,26.0,61.0,47.0,38.0
Odorscene20,0.35131879439371416,0.08965731630220035,0.28268735432028735,0.058774835281545874,0.40627540596178935,0.2447822382247466,0.07659541639095115,0.44987078062380564,0.31047355549149613,0.5483068317997106,0.36576857078545183,0.45564550235002793,0.4211771912201181,0.4499292328513209,0.04561276735513929,0.4431276246764992,0.4535205271312506,0.36036468366098706,0.4055727540560476,0.391127214420292,0.5517331722279798,0.4060498157228463,0.5653733654328612,0.20399463855090083,0.25077631485217355,0.4049201789918439,0.5376628664041871,0.26434241517409923,0.36121358274203114,0.004204817492522559,0.43173693649116013,0.33200810830007127,0.5026263613601587,0.2803148142789934,0.6024196667583137,0.6195305216277012,0.23951574092408612,0.638350032606492,0.5477808174239719,0.7533002732344504,0.5524468785916903,0.7059877003467221,0.637106845383918,0.673427417569878,0.32419170372953504,0.49624605212497863,0.523848974917386,0.5098837863873756,0.647419203517499,0.6301818911265838,0.6723722788351818,0.5385721946820402,0.7092812381532476,0.39715197299155974,0.42666565642359106,0.5631742152192954,0.7444914116332427,0.5972105245845831,0.6150236063733189,0.01538511675985307,53.0,17.0,25.0,34.0,18.0,32.0,92.0,46.0,18.0,60.0,35.0,33.0,33.0,34.0,86.0,20.0,48.0,50.0,47.0,47.0,46.0,40.0,43.0,18.0,55.0,32.0,23.0,71.0,55.0,47.0
Odorscene21,0.3645432785143795,0.008491424036128957,0.03687119425707128,0.00027552228452433367,0.4199347263774379,0.4762728158848986,0.06252801510543204,0.3451205456932588,0.20036356294267849,0.101483504836013,0.07373852465894112,0.08823499095431732,0.0018331810519784447,0.2312661579308967,0.005855257011829988,0.26964275104023744,0.012851118320825082,0.029623677154823842,0.018784361776639807,0.13701358634953956,0.25805743640639506,8.824850477050181e-06,0.3382135982416712,4.088205869729942e-06,0.30636656827320013,0.09484067139214802,0.09891018759461591,0.26643796537487696,0.07613636804949922,0.21985113355801542,0.5093476369210155,0.08821972751851365,0.4818341988302306,0.13238739103189645,0.7832519118509534,0.4946887883141414,0.45860501813915444,0.4517951845429151,0.4627482460216379,0.43407609429314387,0.23123069075873143,0.4353876165572285,0.09268595111314323,0.542645978924367,0.06771513664614524,0.6511697393514064,0.08517711191714619,0.34251026007585694,0.43009888476009006,0.2287181677296829,0.48756113582041305,0.008473177856747305,0.5524780639126585,0.007269398625473504,0.5118766473700892,0.29319472864391555,0.3868694740107806,0.36552950071044277,0.46466347203597824,0.4677898751953051,67.0,29.0,20.0,38.0,14.0,54.0,114.0,67.0,22.0,88.0,38.0,58.0,38.0,37.0,108.0,28.0,52.0,72.0,63.0,64.0,69.0,45.0,68.0,23.0,68.0,48.0,32.0,90.0,68.0,49.0
Odorscene22,0.4405617403134497,0.11937675755635456,0.08808479628566707,0.15817016390365962,0.41107264377544517,0.07019262398951394,0.12610358527360746,0.3124313412171343,0.3535259173835398,0.40082566844587697,0.19990539842432156,0.4833716297723455,0.01563820634969469,0.03471705581957504,0.38887692032626753,0.20632713367421462,0.11198113887317786,0.07197722693241344,0.22541830375940608,0.12887786764631484,0.37449400209431843,0.2170171673200719,0.5320341576814372,0.34929078265768965,0.6547117533720752,0.32191703003437694,0.2836741113454723,0.3514644592452581,0.27142113123073225,0.5175744229569589,0.6948654692517123,0.5681592313137909,0.5683421786838477,0.5400399211996715,0.7169949237075463,0.536608261077263,0.513162880273411,0.6964631687794413,0.7047798186987788,0.6619833825832836,0.5944070345215517,0.6152822262497649,0.1711671331304241,0.14403362584974466,0.6589658667881121,0.5663098129523232,0.5139485545811889,0.33156983432819537,0.6746077508745102,0.3576343311308809,0.657207597055528,0.7365752130857923,0.7054571765791162,0.5564086450540949,0.7715382531783055,0.6200692409182859,0.4982419503153955,0.7067672983948646,0.6010429329526482,0.6357611343571532,58.0,37.0,37.0,38.0,29.0,61.0,131.0,69.0,20.0,90.0,40.0,54.0,37.0,48.0,118.0,36.0,59.0,78.0,76.0,77.0,83.0,53.0,80.0,33.0,65.0,59.0,34.0,91.0,61.0,60.0
Odorscene23,0.5331677465089929,0.6309246071848059,0.49356106021798857,0.6193722921053485,0.5795594059249638,0.5599408953986311,0.5574560751244875,0.6970124442888083,0.6028570233441689,0.49278962908797397,0.5702651365513393,0.5583602976520934,0.5843567197138788,0.5794921240109887,0.5070756038191195,0.6354205247333362,0.5979814361588642,0.5110136949307468,0.6201918578740993,0.5799240430797022,0.5565458019661857,0.5604615742737452,0.6251290081859514,0.5779315577981636,0.534896993270573,0.6947905258396763,0.43546981346704355,0.5802889969892555,0.5402932278463058,0.6173427941597374,0.7934123496969502,0.7962923990627981,0.655139840955726,0.7898600465707297,0.836672509986286,0.7634879071111691,0.846486279537048,0.8596903076067195,0.8114983991205403,0.682514914003154,0.7769845561977706,0.8390432365432886,0.8149298947765768,0.784292145464281,0.744107294428027,0.7957808299065988,0.8041618088989565,0.7057085289000427,0.8273010103153206,0.8386969663187125,0.8420154253079084,0.8207891595823354,0.7641407756026604,0.8607946566599558,0.7258614409803494,0.8292685277052847,0.6787691728404698,0.7647270705876115,0.8170093054955677,0.8067351518088097,76.0,46.0,40.0,50.0,34.0,69.0,155.0,74.0,27.0,114.0,37.0,70.0,47.0,55.0,133.0,37.0,66.0,91.0,87.0,101.0,97.0,62.0,91.0,35.0,76.0,62.0,35.0,105.0,76.0,63.0
Odorscene24,0.6096769220465753,0.6031265288835009,0.5856466009996748,0.48398656163688575,0.6727470077568395,0.6884998938358992,0.600068796064949,0.5385861677799123,0.6912608223635343,0.7563794655485349,0.7270010708481447,0.6779548693667531,0.5224696779568397,0.6581635783187892,0.6824630017102619,0.7196275837456587,0.6336793420151022,0.6263338188133238,0.6169153742684393,0.638022825348545,0.6472745723621601,0.5984460329979111,0.6681294335320237,0.5586795612035416,0.48006565490100167,0.5892338502980572,0.5487323963906879,0.5625233109681859,0.5876067442506097,0.6854173798219112,0.8833687971432219,0.8692938109337416,0.8061265959917303,0.7511136988372465,0.8651076145829869,0.8758460486684856,0.8108527025028203,0.7200981679867297,0.869327664857734,0.8541024093514931,0.8609396980101822,0.8409264618231762,0.7502945334960095,0.8603864001667756,0.8479019030812792,0.8674205181311877,0.8210020397097175,0.7761535782806084,0.7813397475878375,0.8598957337315613,0.8131970640241295,0.841933522979582,0.8401777539714479,0.8333051711657563,0.775737519539805,0.840004983789901,0.8256962362682291,0.8347856162013493,0.8363195347687397,0.8826018602140312,105.0,41.0,49.0,73.0,40.0,71.0,189.0,106.0,31.0,140.0,50.0,72.0,73.0,66.0,173.0,39.0,80.0,118.0,95.0,104.0,106.0,76.0,104.0,35.0,96.0,62.0,64.0,136.0,106.0,81.0
Odorscene25,0.4970288946423523,0.10676594488546066,0.4293592622438967,0.263638601534946,0.3192205935380758,0.47745209428753227,0.30428346210297885,0.39870477257414005,0.3709928030895575,0.18462012425076765,0.3404867076144166,0.48005649948937024,0.09626474870980509,0.4803859503845491,0.5365926857160666,0.2126240346881362,0.37826894069193534,0.6003510085975597,0.3077661607242811,0.3157319283290916,0.23740623243663916,0.19158284183625646,0.31870257499652704,0.3338089434020982,0.5349509319375295,0.20742692548242464,0.5530139065517419,0.48188177632496065,0.647624976669724,0.3457634536548074,0.6937163201001724,0.453362774621084,0.6211775836351086,0.5856668780088367,0.6631971847005483,0.7064302590529639,0.7297543545665403,0.6828373426514897,0.72609345280154,0.6419620012600479,0.7280916747090237,0.8126984931602759,0.536182068038045,0.8431643154339721,0.7261224835768452,0.5237142077750687,0.7635792133109045,0.8338622449334715,0.5856941013958348,0.69616609493454,0.6561936986416067,0.6041959668430347,0.6109769812762096,0.7552102063796434,0.8431672252582525,0.7159613685760307,0.8058009278437576,0.809191434180993,0.8271711603266796,0.7381993645520545,132.0,53.0,59.0,89.0,50.0,87.0,232.0,121.0,44.0,165.0,73.0,93.0,88.0,84.0,209.0,45.0,112.0,134.0,120.0,128.0,137.0,92.0,133.0,38.0,134.0,74.0,66.0,175.0,133.0,114.0
Odorscene26,0.6825267396613212,0.6084228454654103,0.7203510112683734,0.38747271723050264,0.6278324309556621,0.6763881014319539,0.28761097013855935,0.6167129992767086,0.4393269339061263,0.5705352730525436,0.5212110127481507,0.7732424104301968,0.7545907248365568,0.6349524455914903,0.5033364690342952,0.6211168323364726,0.7387823053197005,0.5868566739495852,0.596221089016633,0.70477137396095,0.7796261007978904,0.6886934546369823,0.6170150766559995,0.6268174815845573,0.45414428218267094,0.6005809226456696,0.5929398361443439,0.6960102390471959,0.7067356466173333,0.6456029037039384,0.8380668623374607,0.7917321553032827,0.851308538654772,0.527279831731189,0.8407421629810837,0.8187043959350936,0.6944427428298381,0.8279143274681515,0.6770070774932889,0.6641706578819833,0.7491568744202766,0.8503755873069069,0.8526355415628809,0.7832379636174432,0.7100466072422024,0.75303570248769,0.8675374080108234,0.8373138075236907,0.7524650799721307,0.8062375371994965,0.8542578094478775,0.7913434926739659,0.8280316960220037,0.8270852631468802,0.75696981713993,0.8611314992684795,0.7671487301620021,0.8506526371567749,0.8170725854875786,0.7254238243921562,147.0,75.0,68.0,88.0,63.0,124.0,276.0,135.0,39.0,201.0,72.0,119.0,88.0,94.0,246.0,66.0,112.0,176.0,162.0,174.0,169.0,103.0,167.0,54.0,136.0,113.0,74.0,195.0,149.0,118.0
Odorscene27,0.5718516950610957,0.5558563114027983,0.6079143327129845,0.6116391838987056,0.5469777221086167,0.6370913716585126,0.43647226799952016,0.5417691319795432,0.5521447559133881,0.6276897233428836,0.41279266385381835,0.519655201294183,0.6789597905451672,0.5760338463389226,0.5392666224835374,0.5771146734248124,0.5235160107574037,0.576827846923117,0.3153235873364103,0.6171321665161068,0.6273774605220128,0.563693278481273,0.7092606392957299,0.28164765061580493,0.6130911037827276,0.5964235752413505,0.5509628232509993,0.4635459397501561,0.6060784180641088,0.5502324359597581,0.7153076967000752,0.7387613388761933,0.7734201032459156,0.7835891202384913,0.7590092785907462,0.7300441270525297,0.7546018749904013,0.7199458013332217,0.773604087954286,0.8059023020752832,0.6757472730755839,0.7406795360147387,0.840103416562161,0.8145625903336212,0.7839709158061081,0.8373748089593102,0.6948439103219978,0.7583387289740746,0.5129811792773482,0.8293115555622854,0.8053540098506534,0.7622513351691229,0.8111089229381024,0.5480097822642214,0.8220605669157696,0.8303503462367082,0.8295676523814792,0.8087731707688558,0.7614681140745132,0.6704841860636194,167.0,90.0,87.0,109.0,81.0,144.0,317.0,154.0,51.0,228.0,85.0,120.0,109.0,119.0,282.0,83.0,124.0,195.0,168.0,196.0,193.0,126.0,189.0,74.0,152.0,134.0,100.0,217.0,167.0,121.0
Odorscene28,0.6516007320031139,0.6847862532509243,0.6267350609051329,0.5984632987760123,0.7029787817922677,0.5934255890033447,0.6300687290828573,0.579218942765316,0.7288446113770637,0.6475965877229646,0.610902164661065,0.6999397672651624,0.687872256856362,0.6423612713262549,0.6957127185427462,0.7523475308416953,0.6266127351269869,0.612494903477136,0.7114205142024398,0.6783405834520427,0.6326898649945043,0.6248860454972406,0.6917062703577557,0.696642987602365,0.6668567748297417,0.7600604254401795,0.6260838370777447,0.721340153906682,0.6889709775900256,0.6553720977260367,0.8709573699513672,0.8989171747407593,0.9057025205452703,0.867419210184352,0.8874028819416732,0.833813249276042,0.870999160930223,0.85712910479407,0.8871057500760385,0.893932576277894,0.8415777937328446,0.881149081755278,0.8619920472566962,0.8825604496167755,0.8730162658249977,0.9237302341032155,0.8735283126291432,0.8477986175050763,0.9053328798023723,0.8898280076487579,0.8552178546518634,0.8817144377011544,0.8980595165427702,0.8938407398695837,0.894102887232949,0.9267624749776667,0.8828639617564601,0.9162996770635384,0.9110289207001437,0.8917273662302039,190.0,95.0,92.0,119.0,80.0,160.0,373.0,184.0,54.0,267.0,112.0,151.0,121.0,137.0,326.0,92.0,159.0,223.0,199.0,226.0,223.0,151.0,219.0,81.0,191.0,142.0,104.0,247.0,192.0,153.0
Odorscene1,1.959976555321694e-31,1.5556442691300752e-40,0.061675144041578714,1.0152219414810657e-46,2.434309882487329e-40,4.2696631556792076e-36,1.7449459085886739e-38,1.0910212442132105e-08,1.7528867163781353e-24,4.0204516856910665e-32,8.02513459724955e-38,1.5997954793618478e-19,0.0017844906308056747,1.3653926787822982e-19,1.2276477582890205e-21,6.813824708122324e-30,2.038979894327451e-33,2.497216288427173e-49,2.557522180565499e-18,3.384773521053738e-35,2.6118460620212945e-46,1.7167602921739706e-45,7.143414653856845e-28,1.1839086190178881e-23,1.70489300612445e-21,1.05708616678766e-24,9.290834509921687e-26,1.6565381233474922e-19,8.46719393953915e-34,1.7530868529574547e-39,1.0000920236050416e-10,1.0000013928588477e-10,0.11009620051621637,1.0000000181468485e-10,1.0000022649058887e-10,1.0000113854247474e-10,1.0000016367705842e-10,1.9887301512821025e-06,1.0057478246040604e-10,1.0003732715848963e-10,1.0000018767291431e-10,2.107033568500475e-10,0.0058028692953168886,1.7226011824928381e-10,1.0341411884065083e-10,1.0003991969545574e-10,1.000030525837504e-10,1.0000000180016511e-10,3.177270731732631e-10,1.0001064541582437e-10,1.000000103847931e-10,1.0000000357660928e-10,1.0073219956550267e-10,1.1413033464188618e-10,1.0941147288064176e-10,1.0073987971392778e-10,1.0027954159989211e-10,1.3985527778720298e-10,1.0001164435990946e-10,1.0000014018446484e-10,1.0,0.0,0.0,0.0,0.0,0.0,1.0,0.0,0.0,1.0,1.0,0.0,0.0,1.0,1.0,0.0,1.0,0.0,1.0,0.0,0.0,1.0,0.0,0.0,1.0,0.0,0.0,1.0,1.0,1.0
Odorscene2,1.4508983774016826e-11,0.0711554995373267,3.3827260688288966e-06,8.719321660073619e-18,4.386240344818086e-20,3.3389705962058466e-14,1.0504357722019647e-20,5.204778371337771e-21,8.747283989546546e-06,5.25614793086438e-11,1.5828277270412171e-12,4.584657187070037e-15,1.5970065733244394e-40,0.008000238270728845,5.017873315629465e-13,1.2718622206156786e-22,6.752178114099023e-23,6.2617117093933386e-15,4.199061000878755e-18,4.939353925711914e-11,1.276352603482677e-15,8.958314746271941e-16,0.002560467397620946,5.916577537415195e-20,1.3678016503469575e-12,3.431253993029851e-18,1.4201212026916254e-21,7.704223293323804e-18,9.007392285064525e-29,5.100895280726581e-25,3.431262169602586e-08,0.10527144255162753,3.4560645107309295e-05,4.972652330647154e-10,2.7276101591899256e-10,8.733067529027584e-10,2.577080847682827e-10,2.6354778639447994e-10,6.827742145684511e-05,5.03588325432859e-08,1.6890376158572054e-08,1.2732540092758195e-09,2.0000005839694914e-10,0.018485625670828718,1.760488662982271e-09,2.1232178563902188e-10,2.061701760921376e-10,1.099202263842862e-09,2.2862234992015467e-10,6.982639437669795e-08,4.118688121723526e-10,6.066626986511622e-10,0.006971158357654314,2.639089224752354e-10,1.6858471758663647e-08,2.635764490561978e-10,2.061852319564182e-10,2.3490377025611583e-10,2.0004779510731996e-10,2.019517319789831e-10,1.0,0.0,1.0,1.0,0.0,0.0,2.0,1.0,0.0,1.0,0.0,0.0,1.0,1.0,2.0,0.0,1.0,1.0,1.0,1.0,1.0,1.0,1.0,0.0,1.0,0.0,1.0,1.0,1.0,1.0
Odorscene3,2.5788588870327992e-12,1.1483089332150326e-10,9.670634814211261e-09,1.849378372808854e-13,2.9268881177090287e-24,4.652254609633762e-15,5.898854165506665e-15,5.395548443138099e-12,6.2012983984705015e-24,2.7022101323352954e-26,7.382163409687847e-07,2.376208303243654e-27,1.6438296338184128e-07,5.069525052742492e-10,4.936157952986559e-17,7.54588805306623e-22,1.5335014977554895e-16,3.344611582869006e-11,0.05537004075072422,2.001431180547497e-21,1.6494761648837243e-17,1.5279751181520957e-19,0.11077839989080264,7.809862720320681e-17,5.422537264592794e-07,3.864640134895643e-15,0.05512489408588081,0.017441442587620214,0.020655319220378426,0.0011874661110687597,9.214628816251352e-09,4.034795871440371e-08,4.866477802277459e-07,1.3094371129961993e-09,3.0431356822681587e-10,7.785019282341139e-10,9.50102687675121e-10,6.43338379847635e-09,3.017098774302663e-10,3.0022945519767286e-10,3.1576677990496316e-05,3.0058456995879617e-10,4.99271063777314e-06,2.0078851954120256e-07,3.9067627883716016e-10,3.0371547306400277e-10,4.2952188691783257e-10,7.934303931374866e-08,0.08571647642914389,3.5377119004973417e-10,6.466455951625955e-10,3.3321684043906214e-10,0.15581766364290492,7.94276879744177e-10,8.525084767551091e-06,1.0214941747762713e-09,0.08632662962840366,0.032132981127503374,0.042636723209811954,0.005820539930286408,3.0,0.0,0.0,2.0,0.0,1.0,3.0,2.0,0.0,2.0,1.0,1.0,2.0,0.0,3.0,1.0,1.0,2.0,0.0,1.0,1.0,0.0,2.0,0.0,1.0,0.0,2.0,3.0,2.0,1.0
Odorscene4,5.328494423541265e-15,3.7152648613615415e-18,4.4859434502572456e-07,1.6027907943557437e-23,1.368250896271777e-09,2.180519942188569e-18,7.078249310792645e-22,9.967805879746879e-12,1.5706735972598896e-21,1.4528198462393551e-16,2.1490684348049915e-19,5.117111688305136e-09,0.33497933642109645,4.072265911609815e-08,0.0817402398921948,2.264521432605602e-20,2.7487254446575644e-20,1.4215670379627438e-14,1.606223121601166e-12,1.525339141481778e-20,2.400269177174605e-09,1.4048502482523883e-11,0.3085676143779444,0.28265244210958673,0.0022305956816655982,4.387747006822263e-11,2.659934423591216e-21,2.9965506211092193e-07,9.200525116056636e-08,5.023158250021067e-12,8.53189565558967e-10,5.158193419005577e-10,2.386118838254893e-05,4.271631111354868e-10,1.7113400362815014e-07,4.496781242504413e-10,4.048862104764308e-10,3.373725097056509e-08,4.10836155238446e-10,6.465485224113249e-10,4.164390802906217e-10,1.2222605571361342e-06,0.4029026407882591,1.8478571415837457e-06,0.13084719103824152,4.818821212623177e-10,4.5773948314586297e-10,1.65423006000241e-09,3.139874443815982e-09,4.115734291219484e-10,6.371653322817605e-07,4.823653212447526e-08,0.3440084692623523,0.32204776747294495,0.006528914856982213,1.534285875275488e-08,4.3371373021353814e-10,7.85784935770235e-06,7.64326875080033e-06,2.8045730047077504e-08,2.0,1.0,0.0,2.0,0.0,2.0,4.0,3.0,0.0,4.0,0.0,4.0,2.0,0.0,4.0,2.0,0.0,4.0,0.0,4.0,4.0,0.0,4.0,2.0,1.0,2.0,3.0,3.0,2.0,0.0
Odorscene5,3.937589145841332e-18,1.5253437818855146e-15,7.393098993618647e-17,1.261446010729286e-19,1.4878727618760255e-19,3.849809982887208e-06,0.0006647373970047975,4.838157544838621e-22,9.100008042292105e-13,1.6089776068257304e-15,6.09845015565362e-15,0.018457464239462446,4.255186306461549e-05,1.674907923762365e-15,1.5503387008735096e-16,5.389644920092718e-07,2.6233414761898286e-05,0.005397332855442058,0.004866134243404128,1.4097154348170974e-20,4.9271483064420545e-18,6.553435297124961e-19,4.510770115388657e-07,7.302511818666452e-20,8.845757992690864e-05,2.7979417351765046e-08,8.023521472959543e-09,3.9374460994134795e-21,4.898931079199468e-22,1.7072989151226597e-15,7.343765722330962e-10,1.3030137042771828e-09,7.608257617536145e-10,6.01068432927615e-10,5.604441715332488e-10,9.729329734951393e-05,0.0023414652149763232,5.034597586739869e-10,3.1158051905733442e-09,6.962516863652692e-10,1.4428895632935634e-09,0.033906512244455275,0.00047468334079428824,8.8392033300703e-10,9.006756771012483e-10,2.7488986168406873e-05,0.0003585224415906018,0.013253591303584505,0.013520602288463343,5.129641134215037e-10,5.677660876478339e-10,5.297242227962766e-10,1.7638647155252102e-05,5.563320155052773e-10,0.0005475697537855055,1.7252277155849193e-06,4.0284117569602847e-07,5.15528764127036e-10,5.07668927858566e-10,2.8038118363753797e-09,3.0,0.0,1.0,3.0,1.0,2.0,5.0,3.0,1.0,3.0,1.0,2.0,3.0,1.0,5.0,1.0,1.0,3.0,1.0,3.0,4.0,1.0,3.0,1.0,3.0,1.0,2.0,3.0,3.0,1.0
Odorscene6,6.023629657228663e-17,0.5813379921902184,0.2519684552660012,1.1827082058943116e-22,0.309866414096321,0.00023203307598952365,0.008904510677696903,0.0013505948480152421,1.5899623061909886e-16,6.455787383292093e-08,5.148170030254111e-07,4.7679402848587646e-15,1.0886406896736169e-13,0.2309947483695795,5.963838202093308e-10,2.5195579884660852e-09,0.09363984581551382,0.32470293823048946,0.05660708058897533,3.553009588301862e-07,1.2666010708937364e-12,1.53021296682168e-07,6.239592718108441e-07,3.3117359972313454e-09,0.00183689711725418,0.0009907569465947542,2.3125705431709766e-17,0.0003207457377649367,0.00018485804507856128,1.573812836112435e-10,7.73383932160948e-10,0.6138616703304399,0.3273354571056899,7.058038567291823e-10,0.3604188515250606,0.0009381121505054805,0.024565960109449805,0.005886706610940789,1.021273733108626e-09,1.7136212485318162e-06,2.1862116126466663e-05,2.6032911062453513e-09,2.1694700749245044e-09,0.2876651969803893,9.045851103016188e-08,7.464907223352783e-07,0.1310187608607034,0.35955730216951665,0.08741391415585162,2.0320134216465533e-05,8.749600008669128e-09,3.2237096136200097e-06,2.2176525793723535e-05,4.5204799213395106e-07,0.005036741718831907,0.003152380901848232,9.739864198859573e-10,0.002225621924875106,0.001156568362045674,1.8442275304936684e-07,4.0,2.0,1.0,1.0,0.0,4.0,7.0,3.0,0.0,4.0,2.0,4.0,1.0,3.0,7.0,1.0,4.0,4.0,5.0,4.0,4.0,5.0,4.0,1.0,4.0,3.0,1.0,7.0,4.0,4.0
Odorscene7,0.3410527313358048,0.006910786762503823,1.5174261231366364e-15,0.4827882352209717,2.2570861698641265e-11,0.0037597746820813177,0.1627700985979692,1.021280312171807e-06,0.00103819447069242,9.721688074611035e-09,3.384607936018541e-14,0.10330728351649485,8.32441764694204e-08,0.0738923728259781,5.918646501717663e-10,0.06989375156271359,3.046956788862686e-10,8.033829872132354e-09,6.051186477873824e-13,3.898947606213586e-14,1.0506130106111738e-07,0.09846429951921341,7.975687239380904e-09,1.8011845217375653e-05,1.538727760693356e-05,5.745847192815863e-07,5.844133365501832e-10,2.6800378966534847e-08,0.06315459642670256,6.010733309431391e-05,0.3863199944374237,0.022137579293437307,2.8748915870263225e-09,0.5279034858863907,1.46272956599546e-08,0.013429942917678454,0.21181144862652407,4.697488791772818e-05,0.0034301041971287844,4.622366067060708e-07,3.157811432228062e-09,0.14108346006720562,2.596430481858886e-06,0.11313524223777004,1.1385237412017338e-07,0.11248437783627661,1.5810787020161333e-07,1.5668766258023854e-06,3.2541494448032347e-09,3.8580989967129636e-09,7.863742766795141e-06,0.14973569787514204,5.103124345061376e-07,0.00027857494254217454,0.00024266538800456054,8.727566236925301e-06,3.4388308085329806e-07,1.4367955986337916e-06,0.09647734343011811,0.0004132745669040093,5.0,3.0,0.0,4.0,2.0,4.0,9.0,4.0,1.0,7.0,3.0,3.0,4.0,1.0,7.0,3.0,3.0,6.0,3.0,6.0,6.0,1.0,6.0,3.0,4.0,4.0,3.0,6.0,6.0,3.0
Odorscene8,0.000603343772352718,0.20724225009018207,0.027256479336440598,5.149291734022951e-06,0.41795024315578605,0.032353510131977334,0.003921767475575323,0.023718959557881836,1.1431168744601566e-08,0.16288742159700165,0.4087609233054486,1.9255430909742748e-19,0.009242998998514653,2.875190530216517e-05,0.3145721440890785,3.0864185985731488e-06,0.0008817299082241148,1.6121128692005447e-05,0.11609261287523943,0.17563771574644865,7.827070912514677e-19,5.181413413621914e-07,1.5236285884007474e-08,2.1502381949434553e-09,7.977063071147241e-14,0.00198417059402086,0.22485088769744252,9.25707880849e-14,0.01319893264866563,4.520703094507525e-12,0.0023419160308286477,0.2574680254422,0.06045612585024532,4.9012304988074534e-05,0.48645280238632393,0.0647719515161388,0.00972386872581523,0.05109883846858978,2.087852960896164e-06,0.21947707227240215,0.4929511477332267,1.65737079405557e-09,0.02347682485455782,0.00023605922312469184,0.37333131299078903,3.573961251656565e-05,0.0042062912404932954,0.00021529182214225984,0.15610049399656628,0.22324731267451484,1.5720664695259359e-09,2.3172256297757432e-05,1.9008588035678363e-06,9.416859245035703e-07,4.571761052395413e-09,0.00817990370695111,0.2675997855126566,3.0184974990692476e-09,0.034180986025082336,3.20235853727559e-08,6.0,6.0,0.0,5.0,1.0,9.0,15.0,6.0,1.0,12.0,1.0,8.0,5.0,2.0,12.0,6.0,2.0,14.0,5.0,10.0,12.0,2.0,12.0,7.0,5.0,9.0,5.0,9.0,5.0,2.0
Odorscene9,0.015257233974888932,0.43697343961308405,1.2396982124409092e-05,8.374363820161661e-08,0.00044735457722011135,5.212031525007585e-06,1.9628046641282176e-06,0.22487549284821062,2.7888439738464004e-09,3.891995198117122e-06,2.0588439238220495e-08,0.005316641047328624,0.24956685316574145,4.311647099142431e-06,8.157705165742389e-09,0.045990512787890514,0.08590808354152174,0.0026047720165359423,0.07233915357542668,0.052893392183030324,0.06228603390239295,0.1361965228693426,5.423904217719678e-07,1.4721276770226566e-05,5.821914544750985e-09,0.05928024395542669,5.629442081396966e-09,1.4788581677358696e-07,0.009354325001376665,0.00014382284682478222,0.03684127711971544,0.455191782567385,0.00021774068576758073,7.5342056266858965e-06,0.001598036353119561,7.158539809131875e-05,2.2651167835020682e-05,0.3104134811193672,1.0014101967748693e-06,4.524267683964609e-05,3.87535743904995e-06,0.015403630560928102,0.33287843438785697,4.0225306438107665e-05,9.212208249865314e-07,0.0775844258745592,0.12110759204814048,0.006852480584838343,0.12521838697080856,0.10013353655482879,0.10979572200710669,0.1894542494922896,2.0783674268985868e-05,0.00017404156437214667,1.2374629813600808e-06,0.0944286484453391,1.7187092030249733e-06,3.229092220002674e-06,0.019222684471640578,0.0009482720503883005,11.0,4.0,3.0,4.0,2.0,6.0,15.0,7.0,2.0,12.0,8.0,8.0,4.0,5.0,18.0,5.0,10.0,10.0,10.0,7.0,7.0,7.0,7.0,5.0,10.0,6.0,5.0,13.0,11.0,10.0
Odorscene10,0.05843600738775941,0.02886171525340616,0.049389791846170386,0.26680540263108227,0.064492873063344,0.17538778047263082,1.6048347969294043e-07,0.2316256138820898,0.023300504331720456,0.16130878543278634,0.43793983928391533,0.00010616333330467212,0.0023824038706243508,5.3417866949111534e-08,0.13453758860417758,0.00019576016913683836,0.4842803820909901,0.03412455799215378,0.011391798116629605,0.38688699510346886,0.49485312846681734,0.3288605318930055,0.00041567408856559154,3.568267080129699e-05,0.3312053954761438,2.0229817237962993e-06,0.012224088518754811,0.2003299939982897,0.00012521498681662314,0.05461070917920283,0.09146322048832384,0.061150261512034815,0.08049210912056155,0.3503273250749742,0.09721665364480322,0.22366808003017757,8.24647264836518e-06,0.2778332373768154,0.05518587061284267,0.2151021907193498,0.5267863840714837,0.0005639586385837575,0.006325604060689373,2.684325549636361e-06,0.20518523377956258,0.0014547370875656986,0.5451034343498946,0.05708469314542217,0.02720338731163926,0.4230187290946701,0.4973113277471927,0.37328140995495257,0.0014803227699509923,0.0004534864110590609,0.38289049309412143,6.392444284101941e-05,0.030444575691823635,0.261420307155401,0.0007284255023163595,0.08345007764574257,9.0,4.0,9.0,8.0,7.0,8.0,23.0,11.0,2.0,18.0,4.0,10.0,7.0,10.0,19.0,6.0,9.0,13.0,13.0,14.0,11.0,10.0,13.0,6.0,8.0,8.0,8.0,15.0,10.0,8.0
Odorscene11,0.01936930598735817,0.04174664587803046,0.05557580912133592,0.3805118647442001,0.0010368416818339356,0.301886860762707,0.0021511437928868867,0.016269090736591933,0.06991478821359653,0.2793790712610023,0.4559865671273488,0.13843942189683145,0.2755678093458572,0.00016861572882656876,0.0029001521446722573,0.04516920391204381,0.3532265602025621,3.652959964733272e-05,0.07059757848415,0.5196517217129134,0.4305772028645173,0.0033572887220747996,0.3925350669865502,2.6082310700678777e-08,4.317129437559065e-07,0.4741584550881528,4.6219921657932645e-07,0.3450134326201673,0.3882238651022085,0.033788805280535475,0.04505452361909747,0.09903798933430114,0.08978167857231707,0.43597393025969805,0.005541617962189961,0.38655048571466527,0.007156032534928804,0.031135531461652183,0.12592377178286476,0.36253054491124925,0.5261975337700231,0.20313333360963448,0.3191105663692858,0.0007305674618179944,0.008987084483697188,0.08291175114694889,0.43800785348939086,0.00041336034809701886,0.11053963568787242,0.570190993452784,0.5016600885875109,0.013173600037886514,0.4249318026797434,2.8194179001771686e-06,2.441891983212648e-05,0.4804261758210124,2.293955154692251e-05,0.38749517989167814,0.4205736636205674,0.06427990840982674,18.0,7.0,3.0,13.0,3.0,8.0,29.0,15.0,8.0,21.0,14.0,11.0,13.0,11.0,27.0,3.0,15.0,16.0,14.0,10.0,14.0,11.0,11.0,3.0,21.0,7.0,7.0,24.0,19.0,15.0
Odorscene12,0.09147114373320266,0.3227139321183045,2.6436641335270366e-07,0.12282220613809167,0.0002352307815586395,0.2104219491902641,0.00019514763140395829,0.36639375181476447,0.014792529926284525,0.2822961918478538,5.063639833951056e-06,0.00030788119190859256,0.4012710607571799,0.21853596147184484,0.0001887223764314556,0.11520676353878252,0.5846622671227065,0.024594390571167638,0.2991158567677648,0.09535751703295121,4.735370929575751e-07,0.041707029037080054,0.5328309505536835,0.3701507565496576,0.004726673939895942,0.1521242904544773,0.12837938621450765,0.26688016922815455,0.3291979076213665,0.45285567301499163,0.17622030965070326,0.3971454757890227,1.4367776463972267e-05,0.17852740145322518,0.0015110165161633996,0.25601089557930407,0.0013081602584847005,0.4392346080902002,0.036407541599257964,0.3394016740857695,4.525522476273574e-05,0.001787339376734814,0.42931424054701695,0.28726878793614885,0.0010351384168979275,0.15952030481902726,0.6270408766359568,0.04694640354405583,0.35433555720359866,0.13641369013342008,2.32836344329508e-05,0.0902537907604572,0.6095097079497885,0.398330989464816,0.01406768963441343,0.21508272177841128,0.18236079852263906,0.32144304694237913,0.43029971596559624,0.5167967056063261,15.0,7.0,8.0,10.0,9.0,13.0,31.0,13.0,4.0,18.0,11.0,8.0,10.0,13.0,25.0,7.0,12.0,16.0,19.0,18.0,18.0,13.0,16.0,7.0,17.0,12.0,8.0,19.0,18.0,12.0
Odorscene13,0.1018340200450256,0.4108168161252635,0.011091752737892624,0.048121384794989355,0.35810890359616365,0.2003268726919409,0.2937864177055999,0.4692514248421536,0.05442953475263182,0.38907583057695194,0.0028875626567834533,0.15448143974879275,0.07728300596047002,0.0011363834881293426,0.06618421291463025,0.004184832533923864,0.0015396172585917885,0.24085913265821512,0.1063083882871338,0.10702827245888857,0.11211273113635448,0.36030096756523894,0.11996018546169317,0.2683108805865832,0.2528240805827886,0.008016394014724915,0.2685470490826677,0.014853183269777236,0.044129798365786094,0.03438201785852582,0.13011937167604243,0.42242413273842205,0.023013991717245743,0.08015574645987347,0.3890804315454997,0.2227446049836729,0.3413733277606137,0.5232309760086937,0.07633844137389574,0.45976525021342746,0.005200159229741465,0.23973206015510098,0.11914489579605937,0.003025197992159869,0.10461277638376092,0.010243431783184527,0.005103294341513291,0.3570494300958815,0.1502645833884822,0.1269373535122218,0.17079231907580036,0.38889263608435976,0.18818990064710556,0.3137297494112781,0.29175075597914624,0.016986538109153602,0.3109828555126947,0.028978011019133307,0.06781649662571042,0.060721423336894995,26.0,7.0,7.0,16.0,3.0,13.0,37.0,25.0,6.0,30.0,11.0,19.0,18.0,11.0,37.0,8.0,19.0,26.0,16.0,20.0,23.0,13.0,22.0,5.0,21.0,11.0,13.0,29.0,26.0,19.0
Odorscene14,0.5534202947820245,0.4314927853402289,0.4275551020906419,0.0032208958166826283,0.05136287401563982,0.019362570853201578,0.3372086021322483,0.12123681365471654,0.11362531402358236,0.010472373422329357,0.45646481215337303,0.19952020650430827,0.28661634513028983,0.5247833929751463,0.22147006535676114,0.4323488102789419,0.5554199372274078,0.3805976840368655,0.1444290970353275,0.4843497519749293,0.6307320457553572,0.5407020920125595,0.0036116185634116026,0.30911080139017905,0.09575032180559938,0.4411674859032585,0.3457013344895189,0.5881938868844547,0.4587335065604021,0.5151471775563851,0.602168555212001,0.4713672719882423,0.482821437147729,0.00762798448594364,0.0843483046264631,0.02734304208023093,0.3699493251591878,0.15653239976571745,0.16071402121183972,0.022842597178301664,0.5400441108149352,0.2529092977983269,0.3433092302405459,0.5426782045581412,0.26144646757688766,0.45126198038547755,0.5925504015208258,0.41820441898136246,0.19118916578033396,0.5471165348074485,0.6474055364965144,0.5538455933665778,0.00810418003256169,0.3394526269585495,0.12964625513145575,0.4636663123302744,0.37149080143584184,0.6053036007183559,0.47517819285432783,0.5377871600025659,30.0,7.0,7.0,18.0,4.0,14.0,44.0,29.0,6.0,34.0,14.0,16.0,18.0,12.0,42.0,7.0,20.0,29.0,18.0,20.0,25.0,16.0,25.0,7.0,25.0,14.0,19.0,37.0,30.0,20.0
Odorscene15,0.46923930180089324,0.48762465965277924,0.4827348819251058,6.960469832468511e-05,0.12964792368971126,0.36039843860807613,0.3781072936964532,0.02728774069874219,0.449770726296939,0.020180140485539077,0.41694125744306737,0.5551893860676509,0.0007675425890116852,0.03192115987445436,0.09365320096171637,0.22793673492052471,0.6003990886028421,0.005406479714908709,0.512421972206571,0.11704041555143299,0.22404039694361025,0.3548614585351289,0.44806471029830064,0.15892687611072845,0.6052893400645434,0.3404029978466868,0.5050202993399129,0.0021473149936037834,0.6655067345758567,0.13060969380911405,0.47532200055095575,0.5224044645434288,0.5369394757929894,0.0002732443568271202,0.175505399337627,0.44196440817645094,0.4304611731011494,0.045025744807384464,0.49079623061827293,0.03050057012686812,0.48365159811693553,0.6143950054077322,0.002245559943525038,0.050062167534031955,0.13240309863351368,0.2691435388345276,0.6475074325684943,0.00898004394423793,0.5333232838453673,0.16027943443207185,0.2896234498825609,0.37871853932825317,0.47801304516611104,0.19445666911724624,0.6330027107405981,0.3848480408616433,0.53639761309311,0.005099627513440674,0.7143376382288926,0.17715656886869838,26.0,14.0,12.0,18.0,6.0,13.0,49.0,24.0,12.0,30.0,20.0,16.0,17.0,19.0,45.0,7.0,27.0,21.0,26.0,20.0,22.0,22.0,23.0,7.0,34.0,17.0,9.0,37.0,28.0,28.0
Odorscene16,0.5918714590898073,0.4501112809828169,0.4770151615035115,0.6250936805207736,0.07702219841916992,0.3699302902302981,0.6026498859993848,0.4237804342668451,0.5688977174559405,0.47338976432064017,0.10479116504243594,0.2661072066323548,0.19919346654877915,0.6344935288605645,0.30844640772615584,0.014632777312442068,0.6183200789388682,0.43235872800265884,0.4706186628267419,0.6094285557760847,0.42758874336410096,0.6324703288871297,0.44703686391263964,0.4066378491596347,0.4480130278699038,0.16209044189809643,0.296682658908907,0.028684939794094397,0.012897178712316886,0.3968728175286647,0.6449079875484712,0.4842914441565987,0.5527971543989857,0.6426832816653357,0.119720965613389,0.42013871095079786,0.6607972992372878,0.4856164514029687,0.613528504855179,0.5185775644409594,0.15532378111157039,0.3146226242666331,0.2314879204973963,0.662289580007949,0.34313237710414063,0.027812878319911354,0.675256446955791,0.4540012885180924,0.4996795891049729,0.6219755237257157,0.47886635457934906,0.677189683294235,0.49395633795329175,0.462759842858164,0.49919924454568493,0.20678961591315873,0.3500826928958682,0.04377247727300515,0.024378067709038456,0.4130739174836729,23.0,20.0,23.0,14.0,21.0,26.0,55.0,19.0,8.0,30.0,13.0,17.0,14.0,26.0,40.0,10.0,21.0,28.0,36.0,35.0,34.0,26.0,31.0,10.0,25.0,24.0,10.0,30.0,26.0,20.0
Odorscene17,0.4095432573770846,0.2785875550844581,0.544720568181615,0.5709943728535004,0.6934968064851947,0.5798370661725182,0.2510738796303309,0.4197536700937691,0.25517547675777325,0.44079339287053537,0.36780856604695317,0.5277374542822728,0.6589781706212953,0.6378385808108151,0.5111878038903118,0.4360561242002242,0.32657212303858874,0.4632615349425716,0.6277549735851422,0.43083694195142797,0.5869713203602063,0.12605450094605875,0.18987861693144226,0.204286289765083,0.3858433625952388,0.3856312225848318,0.49547147157588645,0.32205175263152813,0.6082712276903388,0.5972784924288662,0.4685308701178187,0.3132720245549095,0.6160789336046214,0.6181832849129943,0.7377212229704095,0.6575278607137498,0.3105030541655036,0.5014270007135194,0.3284022757048959,0.5338086856507611,0.42830963811725836,0.5835470602296048,0.7147615147490715,0.7037053635383762,0.6013754402887097,0.4579583307405282,0.3861771041988851,0.545119286944208,0.6506593544373832,0.4996993362692551,0.6415071720670324,0.17722357719353185,0.249086844060731,0.2755273234881067,0.46838284447785206,0.4401368488969439,0.5350936783491191,0.3746018616079895,0.6231401156385439,0.6673310637320935,35.0,12.0,19.0,29.0,14.0,21.0,64.0,38.0,15.0,44.0,18.0,24.0,30.0,25.0,58.0,11.0,29.0,33.0,32.0,35.0,34.0,28.0,33.0,10.0,36.0,19.0,24.0,48.0,37.0,28.0
Odorscene18,0.7102966940217047,0.39909165639176153,0.2433725885054013,0.1246719996887036,0.5452225600831769,0.6044591508928703,0.132123339310418,0.4905343079561411,0.4680750365838171,0.5597621956265061,0.6239161666335264,0.20365351548617452,0.5349541918960976,0.2589856739482847,0.36100178979457326,0.572252737099709,0.7167746918875375,0.2278294688884002,0.5949077758621805,0.42252638344950655,0.6599096115557542,0.6385174940585916,0.6476571399194306,0.4078658993121954,0.2788919361528912,0.31148974549390607,0.5717117621698978,0.2481098496651729,0.4400211181463955,0.7385721024370736,0.769935895203106,0.4665475837353883,0.33209399054299865,0.18039710004685702,0.6173718121418248,0.6562630905020151,0.18992268757185635,0.5348379575558261,0.5325232504893258,0.6149226167092017,0.7008223242019161,0.2839896039803522,0.6249510886733378,0.3165399735462001,0.421949200321721,0.6331366823390816,0.7601532063391487,0.3228728934667341,0.6506608781843399,0.5090220646945135,0.722374738622022,0.6855427410685438,0.7105737422601955,0.5018177826172319,0.34477705546250265,0.3907846402517396,0.6433946035702748,0.3357200817563485,0.5042325247160419,0.7842109715889306,43.0,19.0,13.0,28.0,10.0,33.0,77.0,42.0,17.0,55.0,25.0,28.0,25.0,22.0,68.0,18.0,35.0,46.0,35.0,48.0,46.0,24.0,45.0,17.0,42.0,30.0,19.0,60.0,43.0,35.0
Odorscene19,0.16102336528928266,0.22964522640104484,0.2533592673836295,0.08832649956615238,0.3895491316431356,0.4117297384247042,0.4592556476514331,0.5082398313535815,0.08278505976971964,0.09219150956565894,0.16270061039947978,0.2894589651781046,0.4196349231954134,0.3114952829873517,0.27697081628535475,0.3503729116500982,0.22137979193668494,0.24917089298245937,0.3657058470800598,0.21163147301230478,0.24555126812232386,0.562874146482864,0.44803486367720313,0.2792523763582141,0.11560205760636873,0.038601685865090385,0.0116089407039618,0.1980562753177339,0.042370578992915166,0.17345345802351736,0.5788491879165567,0.6702581697804865,0.6709423751258964,0.31578163694025174,0.7341893916057877,0.7286416132703712,0.5308696591896461,0.5917082951574499,0.47407486061959836,0.41385863511832627,0.4026863849409597,0.6584381836743282,0.7543429609838709,0.5896748808008646,0.4215572668741425,0.6923534657392033,0.556422506357073,0.6073544162327571,0.7357593503016358,0.46123555348177514,0.5938192437038924,0.7378295777250885,0.6843683423212982,0.6902421539850138,0.5417890150194428,0.5261106521450494,0.40952456733011244,0.539732885729461,0.4284651841528543,0.5577401685428292,45.0,18.0,21.0,27.0,16.0,30.0,80.0,42.0,17.0,56.0,28.0,28.0,28.0,29.0,74.0,19.0,40.0,45.0,46.0,46.0,44.0,36.0,44.0,17.0,47.0,28.0,19.0,60.0,47.0,39.0
Odorscene20,0.05688496163179493,0.1809521081255008,0.3256484954317657,0.0057664789506640685,0.43946972703028675,0.29797807549260125,0.32823046101657594,0.004305897502149951,0.3670077266296388,0.32489294255160445,0.016237847611572844,0.12357362123601201,0.31093728665445725,0.3434895903404359,0.10632576395226671,0.3493095881371555,0.21962045018200033,0.4112935959319986,0.0473924459404396,0.016647975298890758,0.10005636739199211,0.14059198358656497,0.13396005054579782,0.5072141948991197,0.011798158701655152,0.35407791923865956,0.3991907144481049,0.28108671293812354,0.0001535891354792217,0.14113204271718496,0.44304752077230997,0.7394363409133676,0.8108717743112381,0.23345583505985057,0.6333168387546706,0.7372926318099734,0.6484015184689358,0.1431356902687747,0.7120845272604664,0.7622834263409035,0.4994227185693765,0.5671807666570423,0.6121257196692134,0.7345823139877153,0.4846068073826653,0.7170401565497684,0.6426311528616205,0.7647924134298246,0.427053274588711,0.38184734183453073,0.5721725845198536,0.6885309898762895,0.6554197018685755,0.6304345415037863,0.3654634980256037,0.6791482560080722,0.5830958918050799,0.7522754418792427,0.12269467858053035,0.7637109033980484,49.0,30.0,21.0,29.0,18.0,42.0,96.0,48.0,13.0,67.0,29.0,35.0,25.0,33.0,79.0,21.0,39.0,59.0,56.0,53.0,54.0,36.0,55.0,19.0,45.0,40.0,26.0,63.0,47.0,37.0
Odorscene21,0.03745634142654226,0.03270209134160055,0.041499279277802094,0.0575823698610172,0.2328368561860516,0.12047496224614537,0.0398842609728306,0.2832689270490442,0.23188959247613064,0.07306163654780755,0.2852016409467953,0.12451957539213758,0.31452585640583425,0.010220319009087799,0.38887246101999257,0.030510344596489325,0.281395029428984,0.04910247188100614,0.06466097486600003,0.32287786504699223,0.3938322091843733,0.1713033430407882,0.24108012448770075,0.006767695610750514,0.20681372262383654,0.09724321408565403,0.0348349970106858,0.00772827684905346,0.09535989389982633,0.1329590399353318,0.5642140067369964,0.504471803864128,0.7087622091867252,0.582979692410606,0.7964594898332032,0.725121982830757,0.6317869155650316,0.6739481790653472,0.5381827589688883,0.6235274128021576,0.6289473699430992,0.5974938245771765,0.661659525379035,0.6001636535003394,0.7425081745821388,0.5999059233778924,0.5993413584370598,0.8037855551464487,0.7475944122097814,0.6758605649515076,0.7078481882702196,0.6236591317196588,0.5574258774639556,0.6781691389713641,0.6346515533454506,0.5823898031878644,0.5818766735821236,0.3677231960281025,0.5852022882065432,0.6420904325716061,60.0,30.0,22.0,37.0,22.0,51.0,114.0,56.0,17.0,82.0,32.0,42.0,38.0,36.0,105.0,33.0,46.0,70.0,54.0,70.0,72.0,37.0,70.0,28.0,53.0,49.0,32.0,76.0,59.0,46.0
Odorscene22,0.4062991665737123,0.3190680792146154,0.5006591457641604,0.4131909699042234,0.2741759103645868,0.3111883681670173,0.48856270027460397,0.28652965194221724,0.17471098614323716,0.5020349745115545,0.24614766224992626,0.5411474531762539,0.494314178320222,0.4455344502527781,0.1848300512941941,0.6399423011566725,0.31253035011840097,0.5401866793858258,0.5925303415564953,0.34439392394812884,0.2864936505714903,0.35491558525100214,0.33275000162763463,0.1882309791104152,0.42918090498868033,0.43130482953594707,0.34024813947945376,0.2486285407829422,0.4632462269303444,0.11399328529748005,0.6187228702136441,0.6412562057406777,0.7001766750035036,0.7715962064670747,0.7261973912482691,0.7091360562845779,0.8034242567187596,0.6909380587911398,0.6855747922181461,0.7852970151918035,0.6808925311889746,0.7711433642960641,0.7635782913665052,0.7565915332211197,0.6246125716302114,0.8222026461680524,0.7802873817125379,0.7917308048359324,0.7705263513526555,0.6911768804582838,0.7436513366379447,0.5618785947777175,0.753891017420812,0.6563158123395987,0.7614778904785566,0.5866152374225415,0.6674050845137751,0.7157626477839951,0.6358150135851162,0.5679506938064522,69.0,29.0,36.0,44.0,25.0,56.0,132.0,69.0,33.0,85.0,47.0,52.0,40.0,45.0,113.0,28.0,65.0,67.0,68.0,75.0,68.0,54.0,70.0,27.0,73.0,50.0,34.0,103.0,68.0,63.0
Odorscene23,0.29005100106539683,0.610896735662283,0.5798764160303548,0.38608567383307263,0.4937606007678292,0.46428208566053003,0.643934895180453,0.5243321132985083,0.5464326700054447,0.4834698890996581,0.6607844235488182,0.4597036576332868,0.5096454857650926,0.5899003259942498,0.5672035232072504,0.6657137608784054,0.5723440731546855,0.5850016178586684,0.4968253439505681,0.5286575258217179,0.5256631697049802,0.5696805703347958,0.3265622800833557,0.7170135439230806,0.5582034355059745,0.6139909077287204,0.318451454577866,0.5306462055668137,0.2977004350481914,0.5482554417604228,0.3877359216966394,0.7474434526996975,0.7419111978035324,0.556388776777644,0.6811130693982147,0.6431200539601064,0.8055406124504156,0.6499481047502369,0.7411506562930704,0.6207078327374855,0.7277255192212456,0.6772172771521838,0.6582371434818393,0.7749854568731335,0.7000371408402781,0.8108895842904259,0.6709878662580175,0.7455253374584023,0.6586564783735998,0.6795182217263961,0.6608546687987529,0.6472184668514609,0.4787146673801766,0.8328846228932907,0.7062930455668172,0.739572898549601,0.5496574981965001,0.7053429986846024,0.48612524525388157,0.7182177323936972,86.0,45.0,36.0,57.0,26.0,67.0,151.0,78.0,29.0,117.0,43.0,74.0,58.0,45.0,142.0,36.0,67.0,95.0,73.0,86.0,95.0,50.0,90.0,32.0,85.0,61.0,39.0,117.0,89.0,68.0
Odorscene24,0.699613221693434,0.6348190139776726,0.5690794563631909,0.6640996433243804,0.687832037061577,0.6974800057781759,0.5764078991043005,0.5409242430248801,0.556603248470085,0.6114740255357811,0.7472128554886813,0.7649686736910819,0.7414685354965471,0.7485454511371205,0.7339371990330824,0.7381314520961263,0.7245889947715547,0.6779824498524806,0.764490815264146,0.4946301947626333,0.5572965288742459,0.5836395791329679,0.7163227065190002,0.6373931596102802,0.6568134361142186,0.6352073115177477,0.7710103438917401,0.6107560519659143,0.6365948052079801,0.6585308739896204,0.8121161832549285,0.7557005212746726,0.7140232935289658,0.7572612015764506,0.7858292459047973,0.7761416256227327,0.6887673843496053,0.6640241905218581,0.6673297210304739,0.7319565376604279,0.8315247777982666,0.8270612617448617,0.8229722483868034,0.8076158955311441,0.8332087644252337,0.7914667684068618,0.8067581558386631,0.7955558813398326,0.8492286026261717,0.6328778705209389,0.6379985224932287,0.6829524164790917,0.7768348697418581,0.7358385074895858,0.7628191783327606,0.7605244031771796,0.8340258741784103,0.7207592358649367,0.7117358854414766,0.7781711682652618,96.0,49.0,45.0,58.0,38.0,82.0,181.0,93.0,26.0,133.0,47.0,78.0,59.0,57.0,163.0,51.0,72.0,115.0,99.0,112.0,113.0,68.0,108.0,47.0,87.0,79.0,54.0,135.0,97.0,71.0
Odorscene25,0.46603841999770274,0.5803601919495278,0.2348175534904097,0.35137414360502955,0.5259900025559764,0.4120155008131077,0.5933671942236662,0.6127904541788115,0.471286795984114,0.5235562175919019,0.3551783678133864,0.5154133708884242,0.6564710366543047,0.36274914520564244,0.5097139736774321,0.6522870003667047,0.41047761929823184,0.24735621474130234,0.34310516429975474,0.5472412189736215,0.5757594827971003,0.4981965722525588,0.39455479986714265,0.3869163983594104,0.5915372027302221,0.2868303880448586,0.5525480621546687,0.613059262965817,0.6795577676332176,0.6583545330519183,0.7718571265554965,0.8284875420270919,0.6922093912965539,0.8334046059105682,0.772432220717252,0.8115146447079629,0.8142803247552841,0.8221071329613823,0.6153897343190786,0.7917072502385419,0.6957807970986633,0.779340090375873,0.8891153004148199,0.7080303601230814,0.74908603349939,0.7736776889095563,0.7526916097010345,0.5199952588757517,0.8029473139608284,0.7536946088944287,0.824728910907468,0.7240310142229576,0.7526022231357049,0.7235668152263766,0.794860531724954,0.5643864076130201,0.7078264191289823,0.8101989985145561,0.8372721155395624,0.778522825604387,128.0,66.0,52.0,81.0,41.0,99.0,237.0,120.0,31.0,174.0,58.0,88.0,82.0,80.0,210.0,62.0,93.0,145.0,122.0,137.0,143.0,84.0,138.0,55.0,112.0,95.0,72.0,163.0,129.0,92.0
Odorscene26,0.5270690285725151,0.4296276341324125,0.6202280043815572,0.6486073828277314,0.5482894593864069,0.5283455055147614,0.3866703490040064,0.6145342526813445,0.27491863017133444,0.5455314478596616,0.5096816536637107,0.551287547289765,0.5604300151281773,0.379123089249903,0.5098079612635616,0.45876500954477595,0.4939239576397557,0.47829922051385804,0.5034112637872479,0.37823767394606295,0.5337783272311029,0.36970018921772896,0.490710142235678,0.39105148591880157,0.3817492445581975,0.5747941744399024,0.612178734621649,0.41488009660596753,0.5040417906761528,0.4767834650813186,0.8621044587154909,0.7318070206904193,0.8612965622271207,0.8597975987798858,0.8829144224233321,0.7834435994107516,0.7916577966368048,0.8228978743991539,0.7690245982794673,0.8117989228884386,0.821115515534707,0.8110383043908211,0.8792209953570589,0.8146555513137288,0.8201904613127198,0.7305069194974028,0.8376301957867089,0.8110955351388678,0.836468204663857,0.7776005418986002,0.8217220180396064,0.664681258933279,0.8120130268304288,0.7985742516652297,0.7132920813065361,0.8335078436086659,0.8747659456905468,0.736235731204829,0.7521456788231529,0.8247343247974391,143.0,81.0,69.0,86.0,58.0,131.0,279.0,134.0,36.0,201.0,74.0,122.0,84.0,103.0,247.0,71.0,112.0,170.0,152.0,175.0,180.0,112.0,174.0,65.0,140.0,120.0,79.0,190.0,144.0,113.0
Odorscene27,0.6106419896329868,0.7734124793346032,0.7988714733668982,0.706828847307037,0.6125801659477792,0.7545611058466918,0.7456584611889074,0.8343588147265045,0.7413573524586146,0.7042733522252635,0.7239038581386089,0.7943187520120352,0.6971915289061501,0.6170129125059145,0.7576868039652858,0.748697437563498,0.6971838923848831,0.5583316938475673,0.7524591537083518,0.6643954693053689,0.6955122003161215,0.7239242200040954,0.7771510917467253,0.685150486352588,0.6508800150042187,0.7377335109627708,0.6317910304008876,0.8268211075635717,0.7860202187797836,0.679225140851665,0.6994565707612154,0.8284247110462866,0.8483977922317854,0.8069219080627059,0.7255987438823062,0.8363957399975314,0.7927887430866596,0.8814100511178412,0.8223779863121314,0.7773231567869524,0.804028409368801,0.8560817056100614,0.7809450590891249,0.7011847439266095,0.8152147722739921,0.8062139388659534,0.7841695659248349,0.6590828539343102,0.7964735015318573,0.7399623527311328,0.7592454278816883,0.773765094687333,0.8191642657420096,0.7689975251652152,0.7333467542418972,0.8226766632999495,0.7170488638566812,0.8817394053833909,0.8250278862001283,0.7845889328760176,168.0,89.0,77.0,103.0,65.0,141.0,327.0,162.0,53.0,239.0,98.0,141.0,99.0,113.0,292.0,91.0,150.0,186.0,177.0,200.0,205.0,122.0,197.0,84.0,178.0,135.0,85.0,248.0,173.0,147.0
Odorscene28,0.6710897922296052,0.552893676605142,0.6745774811306876,0.5885061449016071,0.5831930844212613,0.45684435219489866,0.6224488171352155,0.5616730182565827,0.629231261419456,0.5119653479803216,0.594071232150178,0.527112128574531,0.6774263697035119,0.4709430527813313,0.6335148923446291,0.6959186225251939,0.645794685048709,0.576148529755241,0.65601655792278,0.4922489930111227,0.6518905902284446,0.6426813204877656,0.5688879961037216,0.6666181309446424,0.7490408173053386,0.526346112956944,0.47381482636739314,0.6513703465452328,0.5009434590145107,0.5778620607964678,0.8537186678011427,0.797677839338032,0.9035559164295831,0.8846125985555964,0.8295267514718326,0.7684042288693391,0.8859865207517896,0.8542957866545343,0.8706139400084802,0.797933837097836,0.8410876417884083,0.8036997634585235,0.9090970011671459,0.8087022878838204,0.868664252742599,0.8819624175380893,0.8669650169463599,0.8363601922749595,0.8031378136695186,0.8100802783235836,0.8909882048427096,0.813251763862903,0.8354390842801724,0.8842772672714401,0.9186220606484261,0.7951097172149115,0.8007852751536203,0.8708594689387156,0.834077975422739,0.85215046817019,204.0,91.0,80.0,130.0,71.0,162.0,375.0,199.0,62.0,272.0,111.0,156.0,131.0,118.0,334.0,103.0,157.0,227.0,192.0,223.0,228.0,141.0,220.0,91.0,179.0,143.0,120.0,259.0,203.0,155.0
